week_id,temperature_avg,temperature_min,temperature_max,precipitation,snow,wind_speed,humidity
2020-W01,20.54,17.6,24.14,0.0,0.0,25.06,0.0
2020-W02,21.314285714285713,17.37142857142857,26.071428571428573,0.0,0.0,19.25714285714286,0.0
2020-W03,22.24285714285714,18.942857142857143,26.314285714285713,0.2857142857142857,0.0,33.08571428571428,0.0
2020-W04,21.214285714285715,16.428571428571427,26.514285714285712,0.0,0.0,19.314285714285713,0.0
2020-W05,20.614285714285717,16.071428571428573,26.357142857142858,0.0,0.0,22.557142857142857,0.0
2020-W06,21.414285714285715,17.7,26.842857142857145,0.0,0.0,22.900000000000002,0.0
2020-W07,21.099999999999998,16.742857142857144,27.057142857142857,0.0,0.0,21.914285714285715,0.0
2020-W08,21.157142857142855,17.02857142857143,26.47142857142857,0.0,0.0,22.657142857142855,0.0
2020-W09,21.014285714285712,15.9,30.071428571428573,0.0,0.0,22.5,0.0
2020-W10,21.271428571428572,16.82857142857143,29.599999999999998,0.0,0.0,16.871428571428574,0.0
2020-W11,19.414285714285715,16.057142857142857,25.771428571428572,0.0,0.0,21.771428571428572,0.0
2020-W12,19.842857142857145,15.485714285714286,25.014285714285712,0.0,0.0,19.085714285714285,0.0
2020-W13,17.9,13.514285714285714,23.67142857142857,0.0,0.0,20.485714285714288,0.0
2020-W14,18.514285714285712,14.257142857142856,24.614285714285717,0.0,0.0,17.771428571428572,0.0
2020-W15,16.285714285714285,10.37142857142857,22.414285714285715,0.2857142857142857,0.0,14.814285714285715,0.0
2020-W16,16.52857142857143,10.757142857142856,22.857142857142858,0.0,0.0,11.214285714285714,0.0
2020-W17,17.771428571428572,13.714285714285714,23.457142857142856,0.0,0.0,16.642857142857142,0.0
2020-W18,16.842857142857145,11.842857142857143,23.585714285714285,0.0,0.0,13.5,0.0
2020-W19,16.97142857142857,12.62857142857143,24.099999999999998,0.0,0.0,11.1,0.0
2020-W20,15.114285714285716,9.785714285714286,20.74285714285714,0.07142857142857142,0.0,10.985714285714286,0.0
2020-W21,16.47142857142857,11.228571428571428,22.32857142857143,0.0,0.0,11.928571428571429,0.0
2020-W22,13.571428571428571,9.728571428571428,17.614285714285714,3.3142857142857145,0.0,15.042857142857143,0.0
2020-W23,14.557142857142859,9.357142857142858,21.571428571428573,0.0,0.0,9.685714285714285,0.0
2020-W24,12.299999999999999,9.042857142857143,16.45714285714286,2.142857142857143,0.0,16.414285714285715,0.0
2020-W25,14.957142857142857,10.1,21.485714285714288,0.0,0.0,11.828571428571431,0.0
2020-W26,13.928571428571429,10.857142857142858,18.114285714285714,0.0,0.0,17.757142857142856,0.0
2020-W27,12.771428571428572,7.771428571428571,18.928571428571427,0.1142857142857143,0.0,10.299999999999999,0.0
2020-W28,12.657142857142857,8.314285714285715,17.142857142857142,0.04285714285714286,0.0,18.071428571428573,0.0
2020-W29,12.799999999999999,7.685714285714285,19.414285714285715,0.0,0.0,14.771428571428572,0.0
2020-W30,13.942857142857141,8.285714285714286,20.457142857142856,0.14285714285714285,0.0,11.87142857142857,0.0
2020-W31,13.414285714285715,6.8999999999999995,19.542857142857144,0.0,0.0,11.357142857142858,0.0
2020-W32,12.1,6.728571428571429,17.271428571428572,0.07142857142857142,0.0,17.757142857142856,0.0
2020-W33,12.271428571428572,8.7,16.1,0.7285714285714285,0.0,17.257142857142856,0.0
2020-W34,11.685714285714285,6.185714285714285,17.285714285714285,0.0,0.0,12.771428571428572,0.0
2020-W35,11.9,8.0,17.185714285714287,0.7285714285714285,0.0,15.757142857142856,0.0
2020-W36,13.4,9.214285714285714,17.97142857142857,0.15714285714285717,0.0,19.414285714285715,0.0
2020-W37,15.614285714285714,9.857142857142858,23.457142857142856,1.0142857142857142,0.0,16.071428571428573,0.0
2020-W38,12.514285714285714,7.971428571428571,17.571428571428573,0.8714285714285713,0.0,12.214285714285714,0.0
2020-W39,13.228571428571428,9.0,20.02857142857143,0.0,0.0,15.814285714285715,0.0
2020-W40,14.385714285714286,9.314285714285715,19.8,14.157142857142857,0.0,20.685714285714287,0.0
2020-W41,15.357142857142858,11.557142857142859,20.62857142857143,0.0,0.0,20.157142857142855,0.0
2020-W42,16.728571428571428,10.957142857142857,23.02857142857143,0.1142857142857143,0.0,15.814285714285715,0.0
2020-W43,16.47142857142857,12.37142857142857,21.214285714285715,0.0,0.0,17.071428571428573,0.0
2020-W44,17.071428571428573,11.62857142857143,23.785714285714285,0.7285714285714285,0.0,22.285714285714285,0.0
2020-W45,18.37142857142857,14.142857142857142,25.342857142857145,1.5571428571428572,0.0,22.285714285714285,0.0
2020-W46,17.5,11.642857142857142,25.157142857142855,0.42857142857142855,0.0,19.87142857142857,0.0
2020-W47,19.385714285714283,15.171428571428573,25.74285714285714,0.0,0.0,22.900000000000002,0.0
2020-W48,17.428571428571427,13.1,22.185714285714287,1.3,0.0,22.67142857142857,0.0
2020-W49,19.385714285714283,14.771428571428572,24.8,0.0,0.0,25.342857142857138,0.0
2020-W50,18.985714285714288,14.671428571428573,24.914285714285715,14.299999999999999,0.0,16.2,0.0
2020-W51,20.228571428571428,16.442857142857143,25.314285714285713,0.0,0.0,28.685714285714287,0.0
2020-W52,21.02857142857143,17.014285714285712,27.985714285714288,0.14285714285714285,0.0,18.914285714285715,0.0
2020-W53,19.924999999999997,15.125,25.950000000000003,0.0,0.0,16.6,0.0
2021-W01,21.12857142857143,17.47142857142857,26.557142857142857,0.0,0.0,24.585714285714285,0.0
2021-W02,21.942857142857143,16.900000000000002,27.685714285714283,0.7999999999999999,0.0,18.685714285714287,0.0
2021-W03,21.25714285714286,16.74285714285714,27.17142857142857,0.05714285714285715,0.0,20.957142857142856,0.0
2021-W04,20.228571428571428,15.828571428571427,24.87142857142857,0.3428571428571429,0.0,18.142857142857142,0.0
2021-W05,21.271428571428572,17.17142857142857,26.285714285714285,0.0,0.0,22.157142857142855,0.0
2021-W06,21.52857142857143,17.928571428571427,26.357142857142858,0.9142857142857144,0.0,22.342857142857145,0.0
2021-W07,19.085714285714285,14.700000000000001,23.74285714285714,0.14285714285714285,0.0,15.8,0.0
2021-W08,21.271428571428572,16.285714285714285,27.457142857142856,0.0,0.0,22.8,0.0
2021-W09,19.599999999999998,16.185714285714287,24.37142857142857,0.2857142857142857,0.0,13.62857142857143,0.0
2021-W10,18.3,15.157142857142858,21.75714285714286,6.1000000000000005,0.0,16.34285714285714,0.0
2021-W11,18.614285714285717,15.828571428571431,22.514285714285712,0.4714285714285714,0.0,22.37142857142857,0.0
2021-W12,20.342857142857145,15.057142857142859,26.514285714285712,0.5142857142857143,0.0,13.799999999999999,0.0
2021-W13,18.0,14.557142857142859,22.25714285714286,0.49999999999999994,0.0,12.414285714285715,0.0
2021-W14,18.928571428571427,15.285714285714286,24.271428571428572,0.0,0.0,20.32857142857143,0.0
2021-W15,20.728571428571428,14.871428571428572,29.228571428571428,0.0,0.0,14.114285714285714,0.0
2021-W16,17.6,13.585714285714285,23.714285714285715,0.0,0.0,11.485714285714284,0.0
2021-W17,16.242857142857144,12.285714285714286,21.271428571428572,1.0857142857142856,0.0,14.771428571428572,0.0
2021-W18,16.214285714285715,12.671428571428573,20.557142857142857,3.0714285714285716,0.0,13.228571428571428,0.0
2021-W19,14.6,11.314285714285715,18.228571428571428,5.114285714285715,0.0,10.785714285714286,0.0
2021-W20,12.942857142857141,8.928571428571429,17.614285714285714,5.114285714285714,0.0,12.242857142857144,0.0
2021-W21,13.928571428571429,10.957142857142857,17.157142857142855,2.357142857142857,0.0,11.5,0.0
2021-W22,13.614285714285714,8.77142857142857,19.071428571428573,1.0714285714285714,0.0,10.771428571428572,0.0
2021-W23,15.014285714285714,11.271428571428572,20.228571428571428,0.05714285714285715,0.0,9.6,0.0
2021-W24,14.171428571428573,10.471428571428572,19.228571428571428,0.2571428571428572,0.0,9.728571428571428,0.0
2021-W25,13.985714285714286,10.885714285714286,16.67142857142857,5.457142857142857,0.0,18.8,0.0
2021-W26,13.014285714285714,11.257142857142856,15.185714285714285,16.12857142857143,0.0,20.142857142857142,0.0
2021-W27,11.071428571428571,7.285714285714286,15.528571428571428,2.8285714285714287,0.0,13.4,0.0
2021-W28,10.657142857142857,6.228571428571429,15.742857142857144,2.728571428571428,0.0,10.685714285714285,0.0
2021-W29,10.342857142857143,6.171428571428572,15.271428571428572,2.542857142857143,0.0,10.728571428571428,0.0
2021-W30,12.685714285714285,8.557142857142859,17.02857142857143,2.6142857142857143,0.0,12.114285714285714,0.0
2021-W31,12.657142857142857,8.571428571428571,17.45714285714286,2.3714285714285714,0.0,10.314285714285715,0.0
2021-W32,11.342857142857143,7.371428571428571,15.928571428571429,0.5857142857142856,0.0,13.228571428571428,0.0
2021-W33,12.142857142857142,8.928571428571429,16.52857142857143,1.5714285714285714,0.0,13.4,0.0
2021-W34,11.057142857142859,7.557142857142857,14.671428571428573,6.771428571428571,0.0,13.328571428571427,0.0
2021-W35,11.87142857142857,9.028571428571428,15.485714285714286,3.6285714285714286,0.0,17.785714285714285,0.0
2021-W36,13.200000000000001,8.942857142857143,17.571428571428573,0.5857142857142856,0.0,14.771428571428572,0.0
2021-W37,13.514285714285714,10.12857142857143,17.642857142857142,0.6714285714285715,0.0,18.057142857142857,0.0
2021-W38,14.299999999999999,9.857142857142858,19.042857142857144,0.5285714285714286,0.0,12.457142857142857,0.0
2021-W39,14.571428571428571,11.285714285714286,18.271428571428572,0.4857142857142857,0.0,16.857142857142858,0.0
2021-W40,15.971428571428572,10.614285714285714,22.142857142857142,0.35714285714285715,0.0,15.114285714285714,0.0
2021-W41,15.414285714285715,11.585714285714285,19.957142857142856,1.6428571428571428,0.0,14.714285714285714,0.0
2021-W42,16.1,11.828571428571427,20.87142857142857,2.9714285714285715,0.0,21.157142857142855,0.0
2021-W43,17.614285714285714,13.142857142857142,22.599999999999998,0.9428571428571428,0.0,14.4,0.0
2021-W44,15.685714285714285,11.885714285714286,19.02857142857143,0.7999999999999999,0.0,15.828571428571427,0.0
2021-W45,18.057142857142857,13.428571428571429,22.900000000000002,0.05714285714285715,0.0,14.571428571428571,0.0
2021-W46,18.3,14.457142857142857,22.842857142857145,0.5,0.0,21.3,0.0
2021-W47,19.271428571428572,15.257142857142856,24.214285714285715,4.971428571428571,0.0,24.257142857142856,0.0
2021-W48,17.099999999999998,14.37142857142857,20.928571428571427,3.185714285714286,0.0,19.585714285714285,0.0
2021-W49,18.414285714285715,14.87142857142857,22.75714285714286,0.14285714285714285,0.0,18.771428571428572,0.0
2021-W50,19.67142857142857,14.314285714285715,25.24285714285714,0.07142857142857142,0.0,18.814285714285713,0.0
2021-W51,22.314285714285713,16.614285714285714,28.657142857142862,0.4428571428571429,0.0,16.885714285714286,0.0
2021-W52,17.740000000000002,13.84,21.8,1.58,0.0,13.959999999999999,0.0
2021-W53,22.03333333333333,16.766666666666666,28.53333333333333,0.0,0.0,28.333333333333332,0.0
2022-W01,21.74285714285714,15.785714285714286,27.74285714285714,1.0285714285714287,0.0,16.87142857142857,0.0
2022-W02,21.728571428571428,17.4,26.82857142857143,0.2285714285714286,0.0,16.97142857142857,0.0
2022-W03,22.900000000000002,16.32857142857143,29.3,0.1142857142857143,0.0,15.242857142857142,0.0
2022-W04,20.914285714285715,16.985714285714288,26.12857142857143,0.042857142857142864,0.0,27.271428571428572,0.0
2022-W05,21.142857142857142,16.67142857142857,26.17142857142857,0.8714285714285713,0.0,17.785714285714285,0.0
2022-W06,20.985714285714288,16.7,26.728571428571428,0.5714285714285714,0.0,14.957142857142857,0.0
2022-W07,21.957142857142856,16.6,27.8,0.09999999999999999,0.0,16.142857142857142,0.0
2022-W08,21.02857142857143,16.357142857142858,26.457142857142856,0.0,0.0,17.37142857142857,0.0
2022-W09,20.514285714285712,16.47142857142857,25.37142857142857,0.5428571428571428,0.0,16.5,0.0
2022-W10,21.057142857142857,16.87142857142857,25.942857142857143,0.6714285714285714,0.0,19.12857142857143,0.0
2022-W11,20.071428571428573,15.214285714285714,26.37142857142857,0.0,0.0,20.085714285714285,0.0
2022-W12,20.37142857142857,16.32857142857143,26.285714285714285,0.17142857142857143,0.0,20.285714285714285,0.0
2022-W13,17.142857142857142,14.4,21.085714285714285,1.8571428571428572,0.0,22.099999999999998,0.0
2022-W14,16.271428571428572,12.485714285714286,21.37142857142857,0.7571428571428571,0.0,15.671428571428573,0.0
2022-W15,17.9,13.757142857142856,23.514285714285712,0.0,0.0,18.042857142857144,0.0
2022-W16,17.314285714285713,12.799999999999999,23.4,0.04285714285714286,0.0,14.785714285714286,0.0
2022-W17,15.385714285714286,11.685714285714285,20.657142857142855,0.05714285714285715,0.0,14.642857142857142,0.0
2022-W18,15.728571428571428,12.5,21.057142857142857,1.3,0.0,12.685714285714285,0.0
2022-W19,13.685714285714285,10.142857142857142,18.242857142857144,0.24285714285714285,0.0,9.957142857142857,0.0
2022-W20,15.87142857142857,11.557142857142859,20.957142857142856,1.0571428571428572,0.0,9.985714285714286,0.0
2022-W21,14.228571428571428,11.471428571428572,17.757142857142856,3.0,0.0,11.914285714285715,0.0
2022-W22,13.200000000000001,9.228571428571428,18.400000000000002,0.014285714285714287,0.0,8.9,0.0
2022-W23,17.414285714285715,13.242857142857144,24.37142857142857,0.8142857142857143,0.0,12.200000000000001,0.0
2022-W24,12.5,10.085714285714285,15.242857142857142,15.657142857142858,0.0,15.971428571428572,0.0
2022-W25,13.657142857142857,11.1,17.428571428571427,2.1285714285714286,0.0,13.714285714285714,0.0
2022-W26,15.271428571428572,12.285714285714286,20.271428571428572,2.642857142857143,0.0,15.014285714285714,0.0
2022-W27,12.299999999999999,9.728571428571428,16.04285714285714,1.6285714285714286,0.0,10.885714285714286,0.0
2022-W28,13.814285714285715,10.957142857142857,17.742857142857144,2.542857142857143,0.0,12.957142857142856,0.0
2022-W29,12.257142857142856,9.685714285714285,15.685714285714285,0.2857142857142857,0.0,10.842857142857143,0.0
2022-W30,12.457142857142857,9.028571428571428,17.242857142857144,1.3571428571428572,0.0,11.12857142857143,0.0
2022-W31,12.728571428571428,9.785714285714286,16.614285714285714,0.028571428571428574,0.0,12.771428571428572,0.0
2022-W32,12.471428571428572,10.0,15.257142857142856,3.4857142857142853,0.0,13.114285714285716,0.0
2022-W33,12.057142857142859,9.342857142857143,14.814285714285715,4.671428571428572,0.0,14.285714285714286,0.0
2022-W34,13.585714285714285,10.114285714285714,17.657142857142855,0.6285714285714287,0.0,14.857142857142858,0.0
2022-W35,13.37142857142857,10.085714285714285,17.642857142857142,2.185714285714286,0.0,21.75714285714286,0.0
2022-W36,13.12857142857143,9.4,17.014285714285712,0.4428571428571429,0.0,16.114285714285714,0.0
2022-W37,14.285714285714286,10.171428571428573,19.071428571428573,0.09999999999999999,0.0,11.714285714285714,0.0
2022-W38,13.585714285714285,8.6,18.114285714285714,0.7142857142857143,0.0,10.871428571428572,0.0
2022-W39,14.714285714285714,10.014285714285714,19.642857142857142,0.1142857142857143,0.0,11.685714285714285,0.0
2022-W40,15.414285714285715,10.671428571428573,20.17142857142857,0.1857142857142857,0.0,16.12857142857143,0.0
2022-W41,18.614285714285717,14.228571428571428,23.685714285714287,0.0,0.0,15.614285714285714,0.0
2022-W42,17.87142857142857,13.728571428571428,22.87142857142857,0.0,0.0,20.714285714285715,0.0
2022-W43,18.52857142857143,13.942857142857141,23.985714285714288,0.2571428571428572,0.0,19.157142857142855,0.0
2022-W44,19.514285714285712,14.4,25.3,0.21428571428571427,0.0,18.357142857142858,0.0
2022-W45,17.4,13.171428571428573,21.614285714285717,0.09999999999999999,0.0,12.814285714285715,0.0
2022-W46,17.67142857142857,13.057142857142859,22.514285714285712,0.3428571428571429,0.0,14.557142857142855,0.0
2022-W47,17.757142857142856,13.87142857142857,21.957142857142856,0.4,0.0,22.928571428571427,0.0
2022-W48,19.071428571428573,14.585714285714285,23.728571428571428,0.1857142857142857,0.0,14.771428571428572,0.0
2022-W49,20.7,15.142857142857142,25.97142857142857,0.3,0.0,15.457142857142857,0.0
2022-W50,21.042857142857144,18.1,24.52857142857143,6.728571428571428,0.0,19.214285714285715,0.0
2022-W51,19.385714285714283,15.6,23.357142857142858,0.0,0.0,16.842857142857145,0.0
2022-W52,19.425,14.100000000000001,24.65,0.6124999999999999,0.0,17.3,0.0
2023-W01,20.114285714285717,15.1,25.714285714285715,0.29999999999999993,0.0,21.514285714285712,0.0
2023-W02,20.485714285714288,16.32857142857143,24.857142857142858,0.09999999999999999,0.0,21.2,0.0
2023-W03,21.67142857142857,17.1,26.52857142857143,1.4714285714285715,0.0,17.285714285714285,0.0
2023-W04,20.085714285714285,15.985714285714286,24.599999999999998,0.31428571428571433,0.0,26.24285714285714,0.0
2023-W05,21.585714285714285,16.614285714285714,27.414285714285715,0.2,0.0,23.67142857142857,0.0
2023-W06,23.457142857142856,18.185714285714287,30.185714285714287,0.014285714285714287,0.0,22.285714285714285,0.0
2023-W07,21.228571428571428,17.842857142857145,25.900000000000002,0.21428571428571427,0.0,30.8,0.0
2023-W08,18.542857142857144,14.62857142857143,23.271428571428572,2.3428571428571425,0.0,24.985714285714288,0.0
2023-W09,19.842857142857145,15.799999999999999,25.042857142857144,2.642857142857143,0.0,24.814285714285717,0.0
2023-W10,17.54285714285714,14.200000000000001,21.942857142857143,1.7,0.0,20.928571428571427,0.0
2023-W11,20.185714285714287,16.4,25.62857142857143,0.5714285714285714,0.0,23.214285714285715,0.0
2023-W12,18.428571428571427,15.771428571428572,22.32857142857143,7.942857142857142,0.0,23.47142857142857,0.0
2023-W13,17.342857142857145,12.685714285714285,22.3,0.0,0.0,20.24285714285714,0.0
2023-W14,17.514285714285712,13.171428571428573,22.842857142857145,0.5142857142857143,0.0,14.914285714285715,0.0
2023-W15,15.785714285714286,11.557142857142855,20.75714285714286,0.04285714285714286,0.0,16.928571428571427,0.0
2023-W16,15.457142857142857,11.62857142857143,19.885714285714283,4.428571428571429,0.0,19.32857142857143,0.0
2023-W17,15.014285714285714,12.014285714285714,18.67142857142857,3.885714285714286,0.0,14.200000000000001,0.0
2023-W18,15.442857142857141,12.12857142857143,19.75714285714286,0.14285714285714285,0.0,13.799999999999999,0.0
2023-W19,14.642857142857142,11.514285714285714,18.942857142857143,0.6285714285714284,0.0,21.228571428571428,0.0
2023-W20,13.428571428571429,10.299999999999999,17.342857142857145,1.5857142857142856,0.0,16.9,0.0
2023-W21,12.028571428571428,8.585714285714285,16.214285714285715,4.785714285714286,0.0,17.12857142857143,0.0
2023-W22,13.799999999999999,11.299999999999999,16.6,8.057142857142857,0.0,23.62857142857143,0.0
2023-W23,11.842857142857143,9.257142857142856,15.042857142857143,6.642857142857143,0.0,19.67142857142857,0.0
2023-W24,13.842857142857143,11.842857142857143,15.514285714285714,14.585714285714285,0.0,32.27142857142857,0.0
2023-W25,12.757142857142856,10.414285714285715,15.685714285714285,2.5714285714285716,0.0,25.042857142857144,0.0
2023-W26,12.714285714285714,9.87142857142857,16.442857142857143,3.6,0.0,17.542857142857144,0.0
2023-W27,11.9,8.585714285714285,16.37142857142857,2.0142857142857142,0.0,20.985714285714288,0.0
2023-W28,11.828571428571427,6.871428571428572,18.314285714285713,1.2142857142857142,0.0,14.314285714285715,0.0
2023-W29,10.814285714285715,6.485714285714286,15.857142857142858,1.2142857142857142,0.0,14.014285714285714,0.0
2023-W30,10.442857142857141,6.214285714285714,14.757142857142856,3.142857142857143,0.0,17.385714285714286,0.0
2023-W31,11.6,6.557142857142857,18.228571428571428,0.1285714285714286,0.0,12.671428571428573,0.0
2023-W32,13.314285714285715,8.32857142857143,19.442857142857143,1.1142857142857143,0.0,11.342857142857143,0.0
2023-W33,12.228571428571428,8.77142857142857,16.614285714285714,3.7857142857142856,0.0,19.985714285714288,0.0
2023-W34,11.9,8.9,15.571428571428571,6.071428571428571,0.0,23.928571428571427,0.0
2023-W35,13.714285714285714,8.514285714285714,19.37142857142857,1.4285714285714286,0.0,14.871428571428572,0.0
2023-W36,11.814285714285715,7.928571428571429,15.842857142857143,3.6999999999999997,0.0,19.685714285714287,0.0
2023-W37,11.428571428571429,7.371428571428571,15.657142857142857,1.657142857142857,0.0,22.085714285714285,0.0
2023-W38,13.5,9.928571428571429,16.714285714285715,6.328571428571428,0.0,22.557142857142857,0.0
2023-W39,15.028571428571428,10.014285714285714,20.642857142857142,5.785714285714286,0.0,17.928571428571427,0.0
2023-W40,16.685714285714287,12.799999999999999,22.2,0.2714285714285714,0.0,23.557142857142857,0.0
2023-W41,16.771428571428572,10.714285714285714,23.5,0.2571428571428572,0.0,16.742857142857144,0.0
2023-W42,19.74285714285714,13.342857142857143,26.342857142857145,0.0,0.0,21.957142857142856,0.0
2023-W43,16.62857142857143,12.071428571428571,21.842857142857145,0.6285714285714287,0.0,19.271428571428572,0.0
2023-W44,19.185714285714287,12.185714285714285,27.228571428571428,0.028571428571428574,0.0,18.314285714285713,0.0
2023-W45,17.514285714285712,12.314285714285715,22.942857142857143,0.5,0.0,18.728571428571428,0.0
2023-W46,20.357142857142858,14.614285714285716,27.400000000000002,0.014285714285714287,0.0,17.25714285714286,0.0
2023-W47,18.685714285714287,14.414285714285715,23.428571428571427,1.4285714285714286,0.0,23.185714285714283,0.0
2023-W48,20.142857142857142,13.985714285714286,25.842857142857145,0.2285714285714286,0.0,17.314285714285713,0.0
2023-W49,20.157142857142855,14.971428571428572,25.785714285714285,0.41428571428571426,0.0,23.885714285714283,0.0
2023-W50,19.25714285714286,14.742857142857144,24.285714285714285,0.09999999999999999,0.0,25.442857142857143,0.0
2023-W51,20.87142857142857,16.428571428571427,26.357142857142858,0.042857142857142864,0.0,27.457142857142856,0.0
2023-W52,23.0625,16.925,29.95,0.0,0.0,28.3125,0.0
2024-W01,22.433333333333334,16.9,28.322222222222223,0.5,0.0,20.4,0.0
2024-W02,21.400000000000002,16.257142857142856,27.157142857142855,0.0,0.0,25.214285714285715,0.0
2024-W03,23.428571428571427,16.6,30.014285714285712,0.0,0.0,21.985714285714288,0.0
2024-W04,23.357142857142858,16.87142857142857,30.414285714285715,0.07142857142857142,0.0,18.085714285714285,0.0
2024-W05,23.7,17.6,31.014285714285712,0.2285714285714286,0.0,20.52857142857143,0.0
2024-W06,21.114285714285717,16.157142857142855,26.357142857142858,0.37142857142857144,0.0,17.657142857142855,0.0
2024-W07,20.87142857142857,15.028571428571428,27.085714285714285,0.35714285714285715,0.0,18.0,0.0
2024-W08,20.857142857142858,15.342857142857143,26.714285714285715,0.2714285714285714,0.0,18.657142857142855,0.0
2024-W09,22.214285714285715,16.014285714285712,30.214285714285715,0.04285714285714286,0.0,24.214285714285715,0.0
2024-W10,18.885714285714283,14.614285714285714,24.014285714285712,3.442857142857143,0.0,18.685714285714287,0.0
2024-W11,20.185714285714287,14.428571428571429,27.014285714285712,0.028571428571428574,0.0,19.557142857142857,0.0
2024-W12,21.357142857142858,15.671428571428573,28.642857142857142,0.21428571428571427,0.0,15.799999999999999,0.0
2024-W13,19.87142857142857,15.157142857142857,26.042857142857144,0.15714285714285717,0.0,23.814285714285713,0.0
2024-W14,18.085714285714285,13.814285714285715,23.685714285714287,0.2857142857142857,0.0,27.042857142857144,0.0
2024-W15,16.728571428571428,11.971428571428572,22.67142857142857,2.085714285714286,0.0,24.014285714285712,0.0
2024-W16,16.4,12.442857142857141,22.82857142857143,0.014285714285714287,0.0,11.357142857142858,0.0
2024-W17,18.057142857142857,13.599999999999998,23.942857142857143,0.0,0.0,18.8,0.0
2024-W18,16.37142857142857,12.157142857142857,22.285714285714285,0.7,0.0,15.742857142857144,0.0
2024-W19,14.285714285714286,10.528571428571428,19.17142857142857,1.1857142857142855,0.0,17.214285714285715,0.0
2024-W20,15.157142857142857,11.242857142857144,22.271428571428572,0.014285714285714287,0.0,10.457142857142856,0.0
2024-W21,15.971428571428573,12.771428571428572,20.985714285714288,0.0,0.0,19.457142857142856,0.0
2024-W22,14.085714285714285,8.614285714285714,21.514285714285712,1.0571428571428572,0.0,13.714285714285714,0.0
2024-W23,13.157142857142857,9.671428571428573,17.385714285714286,5.185714285714286,0.0,16.0,0.0
2024-W24,14.342857142857143,9.557142857142859,21.400000000000002,0.7999999999999999,0.0,14.828571428571427,0.0
2024-W25,13.385714285714286,9.5,18.0,4.242857142857143,0.0,16.414285714285715,0.0
2024-W26,15.028571428571428,10.385714285714286,21.02857142857143,0.028571428571428574,0.0,16.485714285714288,0.0
2024-W27,12.085714285714285,8.171428571428573,16.285714285714285,10.957142857142857,0.0,20.457142857142856,0.0
2024-W28,12.071428571428571,9.785714285714286,14.385714285714286,20.914285714285715,0.0,34.68571428571428,0.0
2024-W29,11.342857142857143,8.614285714285716,14.857142857142858,8.22857142857143,0.0,17.442857142857143,0.0
2024-W30,10.942857142857141,7.485714285714286,14.742857142857144,3.614285714285714,0.0,18.771428571428572,0.0
2024-W31,9.885714285714286,5.614285714285714,14.914285714285715,2.4714285714285715,0.0,14.942857142857141,0.0
2024-W32,12.028571428571428,8.814285714285715,15.12857142857143,6.6571428571428575,0.0,24.87142857142857,0.0
2024-W33,11.242857142857144,7.042857142857143,15.814285714285715,3.9714285714285715,0.0,17.74285714285714,0.0
2024-W34,11.857142857142858,7.457142857142857,17.285714285714285,2.5142857142857147,0.0,18.385714285714283,0.0
2024-W35,12.200000000000001,7.214285714285714,17.514285714285712,1.7,0.0,22.24285714285714,0.0
2024-W36,13.671428571428573,9.328571428571427,18.785714285714285,0.04285714285714286,0.0,19.414285714285715,0.0
2024-W37,12.857142857142858,7.985714285714286,18.885714285714283,0.08571428571428572,0.0,16.599999999999998,0.0
2024-W38,13.528571428571428,8.4,19.228571428571428,0.5571428571428572,0.0,22.414285714285715,0.0
2024-W39,14.114285714285714,9.742857142857144,19.414285714285715,1.8714285714285712,0.0,18.542857142857144,0.0
2024-W40,17.071428571428573,10.37142857142857,25.61428571428571,0.5142857142857143,0.0,17.442857142857143,0.0
2024-W41,17.185714285714287,12.042857142857143,23.228571428571428,0.11428571428571428,0.0,15.657142857142857,0.0
2024-W42,16.414285714285715,12.085714285714285,21.485714285714288,0.0,0.0,23.685714285714287,0.0
2024-W43,18.2,12.200000000000001,24.585714285714285,1.0285714285714285,0.0,20.728571428571428,0.0
2024-W44,18.085714285714285,13.542857142857143,23.599999999999998,0.17142857142857143,0.0,23.0,0.0
2024-W45,17.942857142857143,12.157142857142857,24.085714285714285,0.04285714285714286,0.0,25.385714285714283,0.0
2024-W46,19.599999999999998,14.314285714285715,26.214285714285715,0.0,0.0,23.542857142857144,0.0
2024-W47,20.228571428571428,15.314285714285715,26.228571428571428,0.34285714285714286,0.0,19.271428571428572,0.0
2024-W48,18.771428571428572,14.700000000000001,23.942857142857143,1.3000000000000003,0.0,21.385714285714283,0.0
2024-W49,19.114285714285717,15.299999999999999,23.271428571428572,1.4,0.0,14.62857142857143,0.0
2024-W50,19.814285714285713,15.085714285714285,25.2,0.7571428571428571,0.0,17.857142857142858,0.0
2024-W51,19.900000000000002,15.814285714285715,24.314285714285713,0.04285714285714286,0.0,25.814285714285713,0.0
2024-W52,22.385714285714283,18.1,27.785714285714285,0.042857142857142864,0.0,24.02857142857143,0.0
2025-W01,20.9,16.3,25.080000000000002,0.13999999999999999,0.0,20.34,0.0
2025-W02,20.785714285714285,16.97142857142857,24.900000000000002,0.14285714285714285,0.0,21.357142857142858,0.0
2025-W03,20.457142857142856,16.2,25.557142857142857,0.7857142857142857,0.0,22.442857142857143,0.0
2025-W04,23.62857142857143,17.814285714285713,28.97142857142857,0.32857142857142857,0.0,20.87142857142857,0.0
2025-W05,22.014285714285712,18.814285714285713,25.88571428571429,0.41428571428571426,0.0,23.728571428571428,0.0
2025-W06,20.957142857142856,17.5,25.057142857142857,0.2,0.0,24.900000000000002,0.0
2025-W07,21.185714285714287,18.085714285714285,24.8,0.14285714285714285,0.0,31.614285714285717,0.0
2025-W08,22.12857142857143,18.142857142857142,27.857142857142858,0.0,0.0,21.928571428571427,0.0
2025-W09,22.385714285714283,17.8,27.97142857142857,0.05714285714285715,0.0,22.728571428571428,0.0
2025-W10,21.614285714285717,17.62857142857143,27.7,0.5714285714285714,0.0,16.62857142857143,0.0
2025-W11,21.32857142857143,17.385714285714286,26.97142857142857,0.0,0.0,22.12857142857143,0.0
2025-W12,21.0,16.342857142857145,27.642857142857142,0.5571428571428572,0.0,16.585714285714285,0.0
2025-W13,19.542857142857144,14.842857142857143,25.25714285714286,0.24285714285714285,0.0,19.214285714285715,0.0
2025-W14,20.37142857142857,15.685714285714285,27.457142857142856,0.1142857142857143,0.0,19.17142857142857,0.0
2025-W15,18.657142857142855,15.571428571428571,23.228571428571428,8.528571428571428,0.0,15.285714285714286,0.0
2025-W16,19.071428571428573,14.057142857142859,25.3,0.0,0.0,17.9,0.0
2025-W17,19.285714285714285,14.071428571428571,26.914285714285715,0.0,0.0,16.771428571428572,0.0
2025-W18,15.271428571428572,10.9,20.400000000000002,0.6142857142857142,0.0,11.885714285714286,0.0
2025-W19,15.214285714285714,11.185714285714285,20.5,2.1714285714285717,0.0,14.87142857142857,0.0
2025-W20,17.22857142857143,12.414285714285715,24.585714285714285,0.08571428571428572,0.0,9.557142857142859,0.0
2025-W21,14.785714285714286,11.114285714285714,19.400000000000002,3.1714285714285713,0.0,15.357142857142858,0.0
2025-W22,14.028571428571428,11.157142857142857,17.67142857142857,2.357142857142857,0.0,17.842857142857145,0.0
2025-W23,12.257142857142856,8.685714285714285,15.87142857142857,5.171428571428572,0.0,15.5,0.0
2025-W24,14.62857142857143,7.771428571428571,21.842857142857145,0.014285714285714287,0.0,11.557142857142859,0.0
2025-W25,13.414285714285715,10.771428571428572,17.557142857142857,15.628571428571428,0.0,15.814285714285713,0.0
2025-W26,12.72,10.9,15.02,7.38,0.0,16.8,0.0
